Page,Path,Title (as rendered),Meta description,Canonical URL,JSON-LD schema
Home,/,GigaWebZone — Web & App Development Studio in Pune | Full-Stack Build Studio,"GigaWebZone is a full-stack web & app development studio — custom web apps, mobile apps, complex portals and premium WordPress. DPIIT-recognised, 400+ businesses served. Get a free consultation.",https://www.gigawebzone.com/,"Organization, WebSite"
Web Development,/web-development,Full-Stack Web Development Company | GigaWebZone,"Custom web application & full-stack website development by GigaWebZone — React, Next.js, Node, Laravel. Headless builds, APIs, performance engineering. DPIIT-recognised, 400+ businesses served.",https://www.gigawebzone.com/web-development,"BreadcrumbList, Service"
App Development,/app-development,Mobile & Web App Development Company | GigaWebZone,"Mobile and web app development by GigaWebZone — cross-platform (Flutter, React Native), native, PWAs and web applications. Process-first and security-minded, built by an established engineering studio.",https://www.gigawebzone.com/app-development,"BreadcrumbList, Service"
Portals & Platforms,/portals-platforms,"Portals & Platform Development — E-commerce, LMS, Booking | GigaWebZone","GigaWebZone builds complex web platforms — e-commerce, LMS, booking, membership and directory/database portals. Multi-role systems with payments (UPI), WhatsApp and automation.",https://www.gigawebzone.com/portals-platforms,"BreadcrumbList, Service"
WordPress,/wordpress,"WordPress Development Company — Custom, WooCommerce, Headless | GigaWebZone","WordPress specialists with 12 years' expertise and 400+ builds. Custom themes & plugins, WooCommerce, headless WordPress, plus maintenance, recovery, backup and AMC support.",https://www.gigawebzone.com/wordpress,"BreadcrumbList, Service"
Industries,/industries,"Industries We Build For — Education, Healthcare, E-commerce & more | GigaWebZone","GigaWebZone builds websites, portals and apps across industries — education, healthcare, professional services, e-commerce, real estate, financial services, nonprofit, manufacturing and technology. See sector proof.",https://www.gigawebzone.com/industries,BreadcrumbList
Portfolio,/portfolio,Portfolio — 44+ Live Projects | GigaWebZone,"Explore GigaWebZone's portfolio — 44+ live websites, portals and stores across education, healthcare, e-commerce, professional services, manufacturing and more. Filter by category and visit the live sites.",https://www.gigawebzone.com/portfolio,BreadcrumbList
About,/about,About GigaWebZone — Full-Stack Build Studio | Founder Kiran Mulay | GigaWebZone,"GigaWebZone LLP is a full-stack build studio led by founder Kiran Mulay — DPIIT-recognised, debt-free, 15+ years and 400+ businesses served. Meet the team, our values and our credentials.",https://www.gigawebzone.com/about,"BreadcrumbList, AboutPage"
Contact,/contact,Contact GigaWebZone — Free Consultation | GigaWebZone,"Contact GigaWebZone LLP for a free, no-obligation consultation. Call +91 8108 4005 99, email, or WhatsApp us. Full-stack web & app studio. We reply within one business day.",https://www.gigawebzone.com/contact,"BreadcrumbList, ContactPage"
Privacy Policy,/privacy,Privacy Policy | GigaWebZone,"How GigaWebZone LLP collects, uses, protects and shares personal data — in line with India's Digital Personal Data Protection (DPDP) Act 2023.",https://www.gigawebzone.com/privacy,—
Terms of Service,/terms,Terms of Service | GigaWebZone,"The terms governing the use of GigaWebZone LLP's website and the engagement of our web, app and WordPress development services.",https://www.gigawebzone.com/terms,—
Case Study — Borneo Hospitals,/portfolio/borneo-hospitals,Borneo Hospitals — Case Study | GigaWebZone,"A hospital that finally reads like one — across every department, on every device.",https://www.gigawebzone.com/portfolio/borneo-hospitals,"BreadcrumbList, CreativeWork"
Case Study — Seth Hirachand Mutha College,/portfolio/seth-hirachand-mutha-college,Seth Hirachand Mutha College — Case Study | GigaWebZone,"Admissions for thousands of students, run through one reliable portal.",https://www.gigawebzone.com/portfolio/seth-hirachand-mutha-college,"BreadcrumbList, CreativeWork"
Case Study — MyLoanMantra,/portfolio/myloanmantra,MyLoanMantra — Case Study | GigaWebZone,"A trust-first loan journey customers believe from the first screen.",https://www.gigawebzone.com/portfolio/myloanmantra,"BreadcrumbList, CreativeWork"
Case Study — GroundZero,/portfolio/groundzero,GroundZero — Case Study | GigaWebZone,"A WordPress refresh that turned into a commerce platform that converts.",https://www.gigawebzone.com/portfolio/groundzero,"BreadcrumbList, CreativeWork"
Case Study — The K Junction,/portfolio/the-k-junction,The K Junction — Case Study | GigaWebZone,"Learning and commerce under a single, seamless roof.",https://www.gigawebzone.com/portfolio/the-k-junction,"BreadcrumbList, CreativeWork"
Case Study — Ayuratan,/portfolio/ayuratan,Ayuratan — Case Study | GigaWebZone,"A wellness brand selling direct, with a store the team can actually run.",https://www.gigawebzone.com/portfolio/ayuratan,"BreadcrumbList, CreativeWork"
